payment_id,order_id,payment_date,payment_method,amount,currency,payment_status,gateway,_loaded_at
PAY_000001,ORD_10001,2023-08-17,credit_card,1109.95,GBP,completed,adyen,2025-01-01T00:00:00
PAY_000002,ORD_10002,2023-06-30,credit_card,1715.25,EUR,completed,adyen,2025-01-01T00:00:00
PAY_000003,ORD_10003,2023-02-25,credit_card,933.08,USD,completed,stripe,2025-01-01T00:00:00
PAY_000004,ORD_10004,2023-01-15,paypal,1700.07,EUR,completed,paypal,2025-01-01T00:00:00
PAY_000005,ORD_10005,2023-07-09,credit_card,1197.57,USD,refunded,stripe,2025-01-01T00:00:00
PAY_000006,ORD_10006,2023-09-13,credit_card,297.3,EUR,completed,adyen,2025-01-01T00:00:00
PAY_000007,ORD_10007,2025-01-10,store_credit,1746.98,EUR,completed,manual,2025-01-01T00:00:00
PAY_000008,ORD_10008,2024-04-23,bank_transfer,1115.2,EUR,completed,manual,2025-01-01T00:00:00
PAY_000009,ORD_10009,2023-11-30,credit_card,810.56,EUR,completed,stripe,2025-01-01T00:00:00
PAY_000010,ORD_10010,2023-05-29,credit_card,1493.34,EUR,completed,stripe,2025-01-01T00:00:00
PAY_000011,ORD_10011,2024-07-07,credit_card,1554.4,EUR,refunded,adyen,2025-01-01T00:00:00
PAY_000012,ORD_10012,2023-03-08,credit_card,1688.55,EUR,completed,stripe,2025-01-01T00:00:00
PAY_000013,ORD_10013,2024-10-07,credit_card,1427.17,EUR,refunded,adyen,2025-01-01T00:00:00
PAY_000014,ORD_10014,2024-05-20,bank_transfer,452.42,CHF,refunded,manual,2025-01-01T00:00:00
PAY_000015,ORD_10015,2024-03-26,store_credit,1018.8,EUR,completed,manual,2025-01-01T00:00:00
PAY_000016,ORD_10016,2023-08-15,store_credit,1394.45,USD,completed,manual,2025-01-01T00:00:00
PAY_000017,ORD_10017,2025-08-16,credit_card,811.17,EUR,pending,stripe,2025-01-01T00:00:00
PAY_000018,ORD_10018,2024-06-30,credit_card,1271.22,EUR,completed,adyen,2025-01-01T00:00:00
PAY_000019,ORD_10019,2025-10-22,credit_card,206.52,EUR,refunded,adyen,2025-01-01T00:00:00
PAY_000020,ORD_10020,2024-02-14,credit_card,572.04,EUR,completed,stripe,2025-01-01T00:00:00
PAY_000021,ORD_10021,2025-09-29,paypal,917.35,GBP,completed,paypal,2025-01-01T00:00:00
PAY_000022,ORD_10022,2023-06-13,paypal,1489.68,GBP,refunded,paypal,2025-01-01T00:00:00
PAY_000023,ORD_10023,2023-12-07,bank_transfer,1774.49,EUR,refunded,manual,2025-01-01T00:00:00
PAY_000024,ORD_10024,2025-02-05,store_credit,591.23,GBP,completed,manual,2025-01-01T00:00:00
PAY_000025,ORD_10025,2024-04-17,paypal,707.5,GBP,pending,paypal,2025-01-01T00:00:00
PAY_000026,ORD_10026,2023-05-27,bank_transfer,393.31,EUR,completed,manual,2025-01-01T00:00:00
PAY_000027,ORD_10027,2025-08-27,gift_card,1603.78,EUR,completed,manual,2025-01-01T00:00:00
PAY_000028,ORD_10028,2025-05-17,credit_card,400.32,EUR,completed,stripe,2025-01-01T00:00:00
PAY_000029,ORD_10029,2024-11-26,store_credit,1382.7,EUR,completed,manual,2025-01-01T00:00:00
PAY_000030,ORD_10030,2023-10-16,credit_card,1046.41,EUR,completed,adyen,2025-01-01T00:00:00
PAY_000031,ORD_10031,2023-07-22,bank_transfer,1323.46,EUR,pending,manual,2025-01-01T00:00:00
PAY_000032,ORD_10032,2025-09-13,bank_transfer,221.56,EUR,completed,manual,2025-01-01T00:00:00
PAY_000033,ORD_10033,2025-07-21,gift_card,1550.68,EUR,failed,manual,2025-01-01T00:00:00
PAY_000034,ORD_10034,2023-05-01,paypal,443.77,EUR,completed,paypal,2025-01-01T00:00:00
PAY_000035,ORD_10035,2025-10-26,store_credit,943.07,EUR,completed,manual,2025-01-01T00:00:00
PAY_000036,ORD_10036,2023-05-23,bank_transfer,632.39,EUR,completed,manual,2025-01-01T00:00:00
PAY_000037,ORD_10037,2023-03-25,paypal,430.83,EUR,completed,paypal,2025-01-01T00:00:00
PAY_000038,ORD_10038,2024-02-24,bank_transfer,1634.08,USD,completed,manual,2025-01-01T00:00:00
PAY_000039,ORD_10039,2024-10-09,store_credit,1494.72,EUR,completed,manual,2025-01-01T00:00:00
PAY_000040,ORD_10040,2023-07-26,bank_transfer,618.58,GBP,completed,manual,2025-01-01T00:00:00
PAY_000041,ORD_10041,2023-05-21,paypal,190.3,EUR,completed,paypal,2025-01-01T00:00:00
PAY_000042,ORD_10042,2024-09-13,bank_transfer,1602.71,EUR,pending,manual,2025-01-01T00:00:00
PAY_000043,ORD_10043,2023-08-26,credit_card,97.87,EUR,completed,stripe,2025-01-01T00:00:00
PAY_000044,ORD_10044,2024-12-03,paypal,1695.69,EUR,completed,paypal,2025-01-01T00:00:00
PAY_000045,ORD_10045,2023-04-16,credit_card,1012.79,EUR,completed,adyen,2025-01-01T00:00:00
PAY_000046,ORD_10046,2023-09-26,credit_card,401.3,EUR,refunded,adyen,2025-01-01T00:00:00
PAY_000047,ORD_10047,2023-01-20,paypal,930.37,EUR,completed,paypal,2025-01-01T00:00:00
PAY_000048,ORD_10048,2023-11-01,credit_card,1294.8,EUR,completed,adyen,2025-01-01T00:00:00
PAY_000049,ORD_10049,2024-03-08,gift_card,1165.88,GBP,completed,manual,2025-01-01T00:00:00
PAY_000050,ORD_10050,2024-04-29,credit_card,1110.22,EUR,completed,adyen,2025-01-01T00:00:00
PAY_000051,ORD_10051,2024-11-12,gift_card,1136.38,EUR,refunded,manual,2025-01-01T00:00:00
PAY_000052,ORD_10052,2023-03-23,credit_card,1783.78,CHF,completed,stripe,2025-01-01T00:00:00
PAY_000053,ORD_10053,2024-04-12,gift_card,537.81,EUR,completed,manual,2025-01-01T00:00:00
PAY_000054,ORD_10054,2024-07-25,paypal,1311.63,CHF,refunded,paypal,2025-01-01T00:00:00
PAY_000055,ORD_10055,2024-06-29,credit_card,1239.78,GBP,completed,adyen,2025-01-01T00:00:00
PAY_000056,ORD_10056,2025-11-13,bank_transfer,570.39,EUR,completed,manual,2025-01-01T00:00:00
PAY_000057,ORD_10057,2025-12-01,credit_card,1657.34,EUR,completed,adyen,2025-01-01T00:00:00
PAY_000058,ORD_10058,2024-11-09,gift_card,1194.57,EUR,completed,manual,2025-01-01T00:00:00
PAY_000059,ORD_10059,2024-10-30,bank_transfer,589.87,GBP,completed,manual,2025-01-01T00:00:00
PAY_000060,ORD_10060,2025-02-15,credit_card,475.81,EUR,completed,adyen,2025-01-01T00:00:00
PAY_000061,ORD_10061,2023-01-01,credit_card,578.09,CHF,completed,adyen,2025-01-01T00:00:00
PAY_000062,ORD_10062,2024-03-14,credit_card,135.32,EUR,completed,stripe,2025-01-01T00:00:00
PAY_000063,ORD_10063,2024-11-18,store_credit,1059.9,EUR,refunded,manual,2025-01-01T00:00:00
PAY_000064,ORD_10064,2023-10-30,credit_card,1429.37,EUR,completed,stripe,2025-01-01T00:00:00
PAY_000065,ORD_10065,2024-02-04,bank_transfer,1569.34,GBP,completed,manual,2025-01-01T00:00:00
PAY_000066,ORD_10066,2025-05-21,bank_transfer,685.72,CHF,completed,manual,2025-01-01T00:00:00
PAY_000067,ORD_10067,2025-08-10,paypal,863.9,USD,completed,paypal,2025-01-01T00:00:00
PAY_000068,ORD_10068,2025-07-02,bank_transfer,861.68,GBP,refunded,manual,2025-01-01T00:00:00
PAY_000069,ORD_10069,2024-07-23,credit_card,173.18,EUR,failed,adyen,2025-01-01T00:00:00
PAY_000070,ORD_10070,2024-08-09,store_credit,1373.21,GBP,completed,manual,2025-01-01T00:00:00
PAY_000071,ORD_10071,2024-03-16,paypal,1026.62,EUR,completed,paypal,2025-01-01T00:00:00
PAY_000072,ORD_10072,2023-02-12,paypal,1641.91,GBP,completed,paypal,2025-01-01T00:00:00
PAY_000073,ORD_10073,2025-03-11,credit_card,1788.26,EUR,refunded,adyen,2025-01-01T00:00:00
PAY_000074,ORD_10074,2025-06-11,bank_transfer,360.42,EUR,completed,manual,2025-01-01T00:00:00
PAY_000075,ORD_10075,2025-12-29,paypal,836.15,EUR,completed,paypal,2025-01-01T00:00:00
PAY_000076,ORD_10076,2023-10-05,credit_card,1655.44,EUR,refunded,adyen,2025-01-01T00:00:00
PAY_000077,ORD_10077,2025-07-21,bank_transfer,294.76,EUR,completed,manual,2025-01-01T00:00:00
PAY_000078,ORD_10078,2025-08-22,bank_transfer,1350.68,CHF,completed,manual,2025-01-01T00:00:00
PAY_000079,ORD_10079,2024-05-21,gift_card,416.44,EUR,completed,manual,2025-01-01T00:00:00
PAY_000080,ORD_10080,2024-03-23,store_credit,1796.9,EUR,completed,manual,2025-01-01T00:00:00
PAY_000081,ORD_10081,2023-08-23,credit_card,817.4,GBP,completed,adyen,2025-01-01T00:00:00
PAY_000082,ORD_10082,2025-02-09,paypal,819.07,EUR,completed,paypal,2025-01-01T00:00:00
PAY_000083,ORD_10083,2024-09-09,paypal,1482.93,GBP,completed,paypal,2025-01-01T00:00:00
PAY_000084,ORD_10084,2025-01-28,paypal,1664.49,GBP,completed,paypal,2025-01-01T00:00:00
PAY_000085,ORD_10085,2023-11-12,credit_card,1413.97,GBP,completed,adyen,2025-01-01T00:00:00
PAY_000086,ORD_10086,2024-07-03,bank_transfer,1417.31,GBP,refunded,manual,2025-01-01T00:00:00
PAY_000087,ORD_10087,2025-08-09,credit_card,1556.08,EUR,completed,stripe,2025-01-01T00:00:00
PAY_000088,ORD_10088,2024-01-09,paypal,733.7,EUR,completed,paypal,2025-01-01T00:00:00
PAY_000089,ORD_10089,2024-07-20,credit_card,703.42,CHF,completed,adyen,2025-01-01T00:00:00
PAY_000090,ORD_10090,2024-05-08,credit_card,940.67,EUR,completed,adyen,2025-01-01T00:00:00
PAY_000091,ORD_10091,2025-04-10,credit_card,1523.14,USD,completed,adyen,2025-01-01T00:00:00
PAY_000092,ORD_10092,2024-12-07,bank_transfer,81.23,EUR,completed,manual,2025-01-01T00:00:00
PAY_000093,ORD_10093,2024-04-18,paypal,625.49,USD,completed,paypal,2025-01-01T00:00:00
PAY_000094,ORD_10094,2024-01-15,bank_transfer,1425.72,GBP,failed,manual,2025-01-01T00:00:00
PAY_000095,ORD_10095,2023-07-27,bank_transfer,1289.49,GBP,completed,manual,2025-01-01T00:00:00
PAY_000096,ORD_10096,2025-12-31,paypal,1697.88,GBP,completed,paypal,2025-01-01T00:00:00
PAY_000097,ORD_10097,2025-10-04,store_credit,1739.2,EUR,pending,manual,2025-01-01T00:00:00
PAY_000098,ORD_10098,2024-11-29,credit_card,92.03,EUR,completed,adyen,2025-01-01T00:00:00
PAY_000099,ORD_10099,2025-04-02,gift_card,1561.19,EUR,completed,manual,2025-01-01T00:00:00
PAY_000100,ORD_10100,2023-06-26,credit_card,575.46,GBP,completed,stripe,2025-01-01T00:00:00
PAY_000101,ORD_10101,2024-04-07,credit_card,1021.05,EUR,completed,stripe,2025-01-01T00:00:00
PAY_000102,ORD_10102,2025-05-30,bank_transfer,554.88,EUR,completed,manual,2025-01-01T00:00:00
PAY_000103,ORD_10103,2024-06-27,credit_card,266.21,EUR,completed,adyen,2025-01-01T00:00:00
PAY_000104,ORD_10104,2025-07-12,credit_card,1088.16,EUR,refunded,adyen,2025-01-01T00:00:00
PAY_000105,ORD_10105,2024-08-02,paypal,811.41,EUR,completed,paypal,2025-01-01T00:00:00
PAY_000106,ORD_10106,2024-02-12,credit_card,130.65,GBP,completed,stripe,2025-01-01T00:00:00
PAY_000107,ORD_10107,2023-05-27,paypal,232.71,EUR,completed,paypal,2025-01-01T00:00:00
PAY_000108,ORD_10108,2024-07-11,credit_card,844.04,EUR,refunded,stripe,2025-01-01T00:00:00
PAY_000109,ORD_10109,2024-05-28,paypal,1389.56,CHF,completed,paypal,2025-01-01T00:00:00
PAY_000110,ORD_10110,2023-03-24,bank_transfer,226.02,EUR,completed,manual,2025-01-01T00:00:00
PAY_000111,ORD_10111,2024-07-24,credit_card,868.54,EUR,completed,stripe,2025-01-01T00:00:00
PAY_000112,ORD_10112,2025-04-18,paypal,137.94,EUR,completed,paypal,2025-01-01T00:00:00
PAY_000113,ORD_10113,2024-08-13,credit_card,1673.27,EUR,completed,stripe,2025-01-01T00:00:00
PAY_000114,ORD_10114,2023-08-28,credit_card,1280.11,CHF,completed,adyen,2025-01-01T00:00:00
PAY_000115,ORD_10115,2025-08-04,credit_card,117.43,GBP,completed,adyen,2025-01-01T00:00:00
PAY_000116,ORD_10116,2025-06-25,paypal,1044.94,EUR,completed,paypal,2025-01-01T00:00:00
PAY_000117,ORD_10117,2025-09-21,paypal,1000.98,EUR,completed,paypal,2025-01-01T00:00:00
PAY_000118,ORD_10118,2024-04-05,gift_card,840.65,EUR,completed,manual,2025-01-01T00:00:00
PAY_000119,ORD_10119,2025-10-18,store_credit,705.96,EUR,completed,manual,2025-01-01T00:00:00
PAY_000120,ORD_10120,2025-08-26,credit_card,1405.0,EUR,completed,adyen,2025-01-01T00:00:00
PAY_000121,ORD_10121,2023-10-09,bank_transfer,1684.95,EUR,refunded,manual,2025-01-01T00:00:00
PAY_000122,ORD_10122,2023-01-06,gift_card,1516.52,EUR,completed,manual,2025-01-01T00:00:00
PAY_000123,ORD_10123,2025-09-20,credit_card,604.02,EUR,refunded,adyen,2025-01-01T00:00:00
PAY_000124,ORD_10124,2024-05-05,store_credit,333.77,EUR,completed,manual,2025-01-01T00:00:00
PAY_000125,ORD_10125,2025-02-21,credit_card,167.65,CHF,completed,stripe,2025-01-01T00:00:00
PAY_000126,ORD_10126,2024-11-12,gift_card,238.61,EUR,refunded,manual,2025-01-01T00:00:00
PAY_000127,ORD_10127,2023-11-15,credit_card,683.32,EUR,completed,stripe,2025-01-01T00:00:00
PAY_000128,ORD_10128,2025-02-17,store_credit,898.86,CHF,failed,manual,2025-01-01T00:00:00
PAY_000129,ORD_10129,2023-07-07,gift_card,1027.78,CHF,completed,manual,2025-01-01T00:00:00
PAY_000130,ORD_10130,2023-04-07,paypal,677.11,CHF,completed,paypal,2025-01-01T00:00:00
PAY_000131,ORD_10131,2024-05-15,bank_transfer,693.22,EUR,completed,manual,2025-01-01T00:00:00
PAY_000132,ORD_10132,2025-02-23,store_credit,501.98,EUR,completed,manual,2025-01-01T00:00:00
PAY_000133,ORD_10133,2024-06-06,paypal,1535.82,EUR,completed,paypal,2025-01-01T00:00:00
PAY_000134,ORD_10134,2023-06-03,paypal,432.03,EUR,completed,paypal,2025-01-01T00:00:00
PAY_000135,ORD_10135,2024-05-27,credit_card,646.34,CHF,completed,stripe,2025-01-01T00:00:00
PAY_000136,ORD_10136,2025-01-06,paypal,1376.78,EUR,completed,paypal,2025-01-01T00:00:00
PAY_000137,ORD_10137,2025-10-16,paypal,1469.67,EUR,completed,paypal,2025-01-01T00:00:00
PAY_000138,ORD_10138,2024-05-29,credit_card,1666.47,EUR,completed,adyen,2025-01-01T00:00:00
PAY_000139,ORD_10139,2024-09-26,credit_card,621.57,EUR,completed,adyen,2025-01-01T00:00:00
PAY_000140,ORD_10140,2025-05-01,paypal,1253.92,EUR,completed,paypal,2025-01-01T00:00:00
PAY_000141,ORD_10141,2024-07-13,gift_card,1181.38,GBP,completed,manual,2025-01-01T00:00:00
PAY_000142,ORD_10142,2023-08-26,credit_card,1054.61,GBP,completed,stripe,2025-01-01T00:00:00
PAY_000143,ORD_10143,2025-03-24,store_credit,1584.87,EUR,completed,manual,2025-01-01T00:00:00
PAY_000144,ORD_10144,2023-09-13,credit_card,689.83,USD,completed,stripe,2025-01-01T00:00:00
PAY_000145,ORD_10145,2023-08-10,gift_card,250.72,EUR,refunded,manual,2025-01-01T00:00:00
PAY_000146,ORD_10146,2023-05-10,paypal,1582.76,EUR,completed,paypal,2025-01-01T00:00:00
PAY_000147,ORD_10147,2025-10-05,credit_card,1783.07,EUR,completed,stripe,2025-01-01T00:00:00
PAY_000148,ORD_10148,2025-05-10,credit_card,237.69,EUR,completed,stripe,2025-01-01T00:00:00
PAY_000149,ORD_10149,2024-07-27,bank_transfer,1654.87,EUR,completed,manual,2025-01-01T00:00:00
PAY_000150,ORD_10150,2025-01-14,paypal,1002.95,EUR,completed,paypal,2025-01-01T00:00:00
PAY_000151,ORD_10151,2024-01-26,credit_card,840.97,EUR,completed,stripe,2025-01-01T00:00:00
PAY_000152,ORD_10152,2023-02-13,gift_card,793.58,CHF,completed,manual,2025-01-01T00:00:00
PAY_000153,ORD_10153,2024-03-02,paypal,1296.69,EUR,completed,paypal,2025-01-01T00:00:00
PAY_000154,ORD_10154,2024-05-30,gift_card,1205.84,EUR,completed,manual,2025-01-01T00:00:00
PAY_000155,ORD_10155,2024-10-26,store_credit,1772.79,EUR,completed,manual,2025-01-01T00:00:00
PAY_000156,ORD_10156,2023-08-21,gift_card,193.88,EUR,failed,manual,2025-01-01T00:00:00
PAY_000157,ORD_10157,2025-07-14,credit_card,1466.54,EUR,completed,stripe,2025-01-01T00:00:00
PAY_000158,ORD_10158,2023-03-06,store_credit,137.17,GBP,refunded,manual,2025-01-01T00:00:00
PAY_000159,ORD_10159,2023-06-16,paypal,857.39,EUR,completed,paypal,2025-01-01T00:00:00
PAY_000160,ORD_10160,2024-10-27,gift_card,1030.51,EUR,completed,manual,2025-01-01T00:00:00
PAY_000161,ORD_10161,2023-08-25,credit_card,1024.3,EUR,completed,adyen,2025-01-01T00:00:00
PAY_000162,ORD_10162,2025-07-19,credit_card,764.42,EUR,completed,adyen,2025-01-01T00:00:00
PAY_000163,ORD_10163,2025-02-07,credit_card,355.58,EUR,completed,stripe,2025-01-01T00:00:00
PAY_000164,ORD_10164,2023-09-24,paypal,1389.15,EUR,refunded,paypal,2025-01-01T00:00:00
PAY_000165,ORD_10165,2025-05-17,credit_card,291.38,EUR,completed,stripe,2025-01-01T00:00:00
PAY_000166,ORD_10166,2025-09-16,credit_card,903.46,GBP,completed,adyen,2025-01-01T00:00:00
PAY_000167,ORD_10167,2024-04-09,paypal,1675.8,EUR,completed,paypal,2025-01-01T00:00:00
PAY_000168,ORD_10168,2024-12-20,credit_card,1790.24,EUR,completed,stripe,2025-01-01T00:00:00
PAY_000169,ORD_10169,2025-12-23,credit_card,974.48,CHF,completed,adyen,2025-01-01T00:00:00
PAY_000170,ORD_10170,2024-10-26,credit_card,1435.09,EUR,completed,adyen,2025-01-01T00:00:00
PAY_000171,ORD_10171,2023-04-13,paypal,1679.18,EUR,completed,paypal,2025-01-01T00:00:00
PAY_000172,ORD_10172,2025-04-28,credit_card,1260.67,CHF,refunded,adyen,2025-01-01T00:00:00
PAY_000173,ORD_10173,2024-09-24,gift_card,1001.75,EUR,completed,manual,2025-01-01T00:00:00
PAY_000174,ORD_10174,2024-03-09,bank_transfer,1315.86,GBP,completed,manual,2025-01-01T00:00:00
PAY_000175,ORD_10175,2023-09-23,credit_card,1511.29,USD,completed,adyen,2025-01-01T00:00:00
PAY_000176,ORD_10176,2023-03-30,bank_transfer,141.64,EUR,refunded,manual,2025-01-01T00:00:00
PAY_000177,ORD_10177,2025-04-08,gift_card,708.31,EUR,completed,manual,2025-01-01T00:00:00
PAY_000178,ORD_10178,2025-08-02,credit_card,1216.32,EUR,completed,stripe,2025-01-01T00:00:00
PAY_000179,ORD_10179,2025-04-01,credit_card,1656.1,GBP,completed,stripe,2025-01-01T00:00:00
PAY_000180,ORD_10180,2023-12-12,bank_transfer,324.69,EUR,completed,manual,2025-01-01T00:00:00
PAY_000181,ORD_10181,2024-12-16,paypal,482.65,EUR,completed,paypal,2025-01-01T00:00:00
PAY_000182,ORD_10182,2023-12-22,credit_card,1212.13,GBP,completed,stripe,2025-01-01T00:00:00
PAY_000183,ORD_10183,2025-07-10,gift_card,1612.33,EUR,completed,manual,2025-01-01T00:00:00
PAY_000184,ORD_10184,2025-08-19,credit_card,468.97,EUR,completed,stripe,2025-01-01T00:00:00
PAY_000185,ORD_10185,2024-09-29,credit_card,1509.13,USD,completed,adyen,2025-01-01T00:00:00
PAY_000186,ORD_10186,2025-11-04,credit_card,394.25,EUR,completed,adyen,2025-01-01T00:00:00
PAY_000187,ORD_10187,2025-10-24,paypal,509.86,EUR,completed,paypal,2025-01-01T00:00:00
PAY_000188,ORD_10188,2023-06-22,credit_card,1479.41,EUR,completed,stripe,2025-01-01T00:00:00
PAY_000189,ORD_10189,2025-06-20,paypal,1067.73,USD,completed,paypal,2025-01-01T00:00:00
PAY_000190,ORD_10190,2024-11-23,paypal,644.74,EUR,completed,paypal,2025-01-01T00:00:00
PAY_000191,ORD_10191,2025-03-02,bank_transfer,1202.19,EUR,completed,manual,2025-01-01T00:00:00
PAY_000192,ORD_10192,2024-12-19,paypal,1146.71,EUR,completed,paypal,2025-01-01T00:00:00
PAY_000193,ORD_10193,2024-11-04,credit_card,794.06,EUR,completed,stripe,2025-01-01T00:00:00
PAY_000194,ORD_10194,2025-01-12,gift_card,706.28,EUR,completed,manual,2025-01-01T00:00:00
PAY_000195,ORD_10195,2023-10-11,gift_card,1042.22,CHF,completed,manual,2025-01-01T00:00:00
PAY_000196,ORD_10196,2025-12-15,store_credit,1250.46,GBP,completed,manual,2025-01-01T00:00:00
PAY_000197,ORD_10197,2023-12-01,paypal,1043.46,GBP,completed,paypal,2025-01-01T00:00:00
PAY_000198,ORD_10198,2024-05-03,credit_card,618.96,EUR,completed,adyen,2025-01-01T00:00:00
PAY_000199,ORD_10199,2025-08-18,bank_transfer,952.0,EUR,completed,manual,2025-01-01T00:00:00
PAY_000200,ORD_10200,2025-02-23,store_credit,965.78,EUR,completed,manual,2025-01-01T00:00:00
PAY_000201,ORD_10201,2025-09-13,gift_card,1627.15,EUR,completed,manual,2025-01-01T00:00:00
PAY_000202,ORD_10202,2025-07-11,store_credit,1305.27,CHF,completed,manual,2025-01-01T00:00:00
PAY_000203,ORD_10203,2024-12-18,credit_card,1749.11,EUR,completed,stripe,2025-01-01T00:00:00
PAY_000204,ORD_10204,2025-03-03,paypal,1004.95,USD,completed,paypal,2025-01-01T00:00:00
PAY_000205,ORD_10205,2024-11-19,store_credit,833.99,EUR,completed,manual,2025-01-01T00:00:00
PAY_000206,ORD_10206,2023-10-12,bank_transfer,1518.63,EUR,refunded,manual,2025-01-01T00:00:00
PAY_000207,ORD_10207,2025-12-17,bank_transfer,351.5,USD,completed,manual,2025-01-01T00:00:00
PAY_000208,ORD_10208,2025-07-27,paypal,188.52,EUR,refunded,paypal,2025-01-01T00:00:00
PAY_000209,ORD_10209,2024-05-10,gift_card,1061.67,EUR,completed,manual,2025-01-01T00:00:00
PAY_000210,ORD_10210,2025-05-04,store_credit,1244.43,EUR,completed,manual,2025-01-01T00:00:00
PAY_000211,ORD_10211,2025-11-06,credit_card,1247.66,EUR,refunded,stripe,2025-01-01T00:00:00
PAY_000212,ORD_10212,2023-04-02,paypal,1060.63,EUR,completed,paypal,2025-01-01T00:00:00
PAY_000213,ORD_10213,2024-12-09,bank_transfer,1228.08,EUR,completed,manual,2025-01-01T00:00:00
PAY_000214,ORD_10214,2025-08-10,credit_card,1465.84,EUR,failed,adyen,2025-01-01T00:00:00
PAY_000215,ORD_10215,2024-08-24,gift_card,232.78,EUR,completed,manual,2025-01-01T00:00:00
PAY_000216,ORD_10216,2025-08-29,credit_card,450.49,EUR,completed,stripe,2025-01-01T00:00:00
PAY_000217,ORD_10217,2024-11-12,bank_transfer,944.55,EUR,refunded,manual,2025-01-01T00:00:00
PAY_000218,ORD_10218,2025-03-04,bank_transfer,518.03,EUR,completed,manual,2025-01-01T00:00:00
PAY_000219,ORD_10219,2025-12-01,paypal,337.48,EUR,completed,paypal,2025-01-01T00:00:00
PAY_000220,ORD_10220,2024-01-06,bank_transfer,1467.45,EUR,completed,manual,2025-01-01T00:00:00
PAY_000221,ORD_10221,2024-09-20,credit_card,1670.87,EUR,completed,adyen,2025-01-01T00:00:00
PAY_000222,ORD_10222,2024-12-25,credit_card,506.08,GBP,completed,stripe,2025-01-01T00:00:00
PAY_000223,ORD_10223,2025-04-13,store_credit,1342.86,CHF,completed,manual,2025-01-01T00:00:00
PAY_000224,ORD_10224,2025-06-17,paypal,1792.1,EUR,completed,paypal,2025-01-01T00:00:00
PAY_000225,ORD_10225,2023-03-09,gift_card,1315.08,EUR,completed,manual,2025-01-01T00:00:00
PAY_000226,ORD_10226,2023-10-11,paypal,1146.22,EUR,completed,paypal,2025-01-01T00:00:00
PAY_000227,ORD_10227,2023-02-24,credit_card,1379.5,EUR,refunded,adyen,2025-01-01T00:00:00
PAY_000228,ORD_10228,2024-03-15,store_credit,308.52,EUR,completed,manual,2025-01-01T00:00:00
PAY_000229,ORD_10229,2023-12-20,paypal,682.34,GBP,completed,paypal,2025-01-01T00:00:00
PAY_000230,ORD_10230,2023-05-13,paypal,1096.71,EUR,completed,paypal,2025-01-01T00:00:00
PAY_000231,ORD_10231,2023-12-25,paypal,772.22,EUR,refunded,paypal,2025-01-01T00:00:00
PAY_000232,ORD_10232,2024-04-30,bank_transfer,725.99,GBP,completed,manual,2025-01-01T00:00:00
PAY_000233,ORD_10233,2023-09-24,credit_card,1770.39,EUR,completed,stripe,2025-01-01T00:00:00
PAY_000234,ORD_10234,2025-09-08,paypal,934.69,GBP,completed,paypal,2025-01-01T00:00:00
PAY_000235,ORD_10235,2023-06-01,paypal,574.87,EUR,completed,paypal,2025-01-01T00:00:00
PAY_000236,ORD_10236,2023-04-25,credit_card,767.63,EUR,completed,adyen,2025-01-01T00:00:00
PAY_000237,ORD_10237,2024-04-06,gift_card,1409.31,USD,completed,manual,2025-01-01T00:00:00
PAY_000238,ORD_10238,2024-07-17,store_credit,797.09,EUR,completed,manual,2025-01-01T00:00:00
PAY_000239,ORD_10239,2023-11-12,credit_card,1680.65,EUR,completed,adyen,2025-01-01T00:00:00
PAY_000240,ORD_10240,2025-05-05,credit_card,1796.58,EUR,completed,stripe,2025-01-01T00:00:00
PAY_000241,ORD_10241,2025-09-18,credit_card,515.21,EUR,completed,stripe,2025-01-01T00:00:00
PAY_000242,ORD_10242,2023-11-21,credit_card,1081.33,GBP,completed,stripe,2025-01-01T00:00:00
PAY_000243,ORD_10243,2024-10-02,paypal,669.5,EUR,completed,paypal,2025-01-01T00:00:00
PAY_000244,ORD_10244,2025-11-21,paypal,949.81,EUR,completed,paypal,2025-01-01T00:00:00
PAY_000245,ORD_10245,2024-05-24,credit_card,940.86,EUR,completed,adyen,2025-01-01T00:00:00
PAY_000246,ORD_10246,2023-11-26,credit_card,1124.99,EUR,refunded,adyen,2025-01-01T00:00:00
PAY_000247,ORD_10247,2025-08-15,credit_card,631.31,EUR,completed,stripe,2025-01-01T00:00:00
PAY_000248,ORD_10248,2025-11-02,bank_transfer,1158.74,EUR,completed,manual,2025-01-01T00:00:00
PAY_000249,ORD_10249,2025-08-22,bank_transfer,1259.2,EUR,pending,manual,2025-01-01T00:00:00
PAY_000250,ORD_10250,2025-01-20,bank_transfer,1719.85,EUR,completed,manual,2025-01-01T00:00:00
PAY_000251,ORD_10251,2024-02-05,credit_card,708.91,EUR,completed,adyen,2025-01-01T00:00:00
PAY_000252,ORD_10252,2024-07-28,store_credit,1107.02,USD,completed,manual,2025-01-01T00:00:00
PAY_000253,ORD_10253,2024-11-26,credit_card,1669.07,EUR,completed,adyen,2025-01-01T00:00:00
PAY_000254,ORD_10254,2025-10-23,bank_transfer,1658.18,GBP,completed,manual,2025-01-01T00:00:00
PAY_000255,ORD_10255,2023-11-02,credit_card,1197.01,EUR,refunded,adyen,2025-01-01T00:00:00
PAY_000256,ORD_10256,2025-03-16,paypal,398.98,EUR,completed,paypal,2025-01-01T00:00:00
PAY_000257,ORD_10257,2025-12-27,gift_card,1058.99,EUR,completed,manual,2025-01-01T00:00:00
PAY_000258,ORD_10258,2023-08-15,gift_card,1107.5,EUR,completed,manual,2025-01-01T00:00:00
PAY_000259,ORD_10259,2024-04-11,paypal,516.73,GBP,failed,paypal,2025-01-01T00:00:00
PAY_000260,ORD_10260,2025-02-17,credit_card,837.11,GBP,completed,adyen,2025-01-01T00:00:00
PAY_000261,ORD_10261,2023-11-09,gift_card,714.11,GBP,completed,manual,2025-01-01T00:00:00
PAY_000262,ORD_10262,2023-05-10,credit_card,895.43,CHF,completed,adyen,2025-01-01T00:00:00
PAY_000263,ORD_10263,2025-02-10,credit_card,634.23,EUR,completed,adyen,2025-01-01T00:00:00
PAY_000264,ORD_10264,2024-06-26,store_credit,313.75,EUR,completed,manual,2025-01-01T00:00:00
PAY_000265,ORD_10265,2024-09-02,credit_card,1019.65,EUR,completed,stripe,2025-01-01T00:00:00
PAY_000266,ORD_10266,2024-07-15,credit_card,1129.09,EUR,refunded,stripe,2025-01-01T00:00:00
PAY_000267,ORD_10267,2024-08-14,credit_card,448.56,EUR,completed,adyen,2025-01-01T00:00:00
PAY_000268,ORD_10268,2025-09-10,credit_card,1158.01,EUR,completed,adyen,2025-01-01T00:00:00
PAY_000269,ORD_10269,2023-04-16,paypal,1763.81,USD,completed,paypal,2025-01-01T00:00:00
PAY_000270,ORD_10270,2023-07-25,paypal,923.26,EUR,completed,paypal,2025-01-01T00:00:00
PAY_000271,ORD_10271,2025-09-02,store_credit,1003.27,CHF,completed,manual,2025-01-01T00:00:00
PAY_000272,ORD_10272,2023-07-03,gift_card,693.23,EUR,completed,manual,2025-01-01T00:00:00
PAY_000273,ORD_10273,2023-12-29,store_credit,223.4,CHF,completed,manual,2025-01-01T00:00:00
PAY_000274,ORD_10274,2024-08-17,store_credit,379.85,EUR,completed,manual,2025-01-01T00:00:00
PAY_000275,ORD_10275,2025-12-09,credit_card,1332.56,GBP,completed,adyen,2025-01-01T00:00:00
PAY_000276,ORD_10276,2023-11-30,store_credit,1619.33,EUR,refunded,manual,2025-01-01T00:00:00
PAY_000277,ORD_10277,2024-08-27,bank_transfer,660.62,EUR,completed,manual,2025-01-01T00:00:00
PAY_000278,ORD_10278,2023-06-27,credit_card,799.38,USD,completed,adyen,2025-01-01T00:00:00
PAY_000279,ORD_10279,2024-05-25,gift_card,1342.12,CHF,completed,manual,2025-01-01T00:00:00
PAY_000280,ORD_10280,2024-09-12,bank_transfer,421.07,EUR,pending,manual,2025-01-01T00:00:00
PAY_000281,ORD_10281,2023-08-31,bank_transfer,1731.06,EUR,refunded,manual,2025-01-01T00:00:00
PAY_000282,ORD_10282,2023-08-31,paypal,186.6,EUR,completed,paypal,2025-01-01T00:00:00
PAY_000283,ORD_10283,2025-09-06,paypal,322.32,EUR,completed,paypal,2025-01-01T00:00:00
PAY_000284,ORD_10284,2024-03-24,credit_card,947.6,GBP,completed,stripe,2025-01-01T00:00:00
PAY_000285,ORD_10285,2023-06-11,credit_card,201.55,GBP,completed,stripe,2025-01-01T00:00:00
PAY_000286,ORD_10286,2023-11-03,paypal,1761.28,GBP,completed,paypal,2025-01-01T00:00:00
PAY_000287,ORD_10287,2023-07-07,credit_card,777.69,CHF,completed,stripe,2025-01-01T00:00:00
PAY_000288,ORD_10288,2025-07-26,paypal,1027.32,EUR,completed,paypal,2025-01-01T00:00:00
PAY_000289,ORD_10289,2024-03-23,bank_transfer,424.49,USD,completed,manual,2025-01-01T00:00:00
PAY_000290,ORD_10290,2025-08-24,store_credit,1430.04,EUR,completed,manual,2025-01-01T00:00:00
PAY_000291,ORD_10291,2025-05-12,credit_card,863.97,EUR,completed,stripe,2025-01-01T00:00:00
PAY_000292,ORD_10292,2023-09-02,bank_transfer,339.79,CHF,refunded,manual,2025-01-01T00:00:00
PAY_000293,ORD_10293,2023-01-10,credit_card,1404.14,EUR,completed,stripe,2025-01-01T00:00:00
PAY_000294,ORD_10294,2024-04-15,bank_transfer,346.81,EUR,completed,manual,2025-01-01T00:00:00
PAY_000295,ORD_10295,2023-08-20,credit_card,646.1,EUR,completed,adyen,2025-01-01T00:00:00
PAY_000296,ORD_10296,2023-07-28,store_credit,934.0,EUR,completed,manual,2025-01-01T00:00:00
PAY_000297,ORD_10297,2025-04-04,bank_transfer,1772.24,EUR,completed,manual,2025-01-01T00:00:00
PAY_000298,ORD_10298,2024-04-25,credit_card,504.37,EUR,completed,adyen,2025-01-01T00:00:00
PAY_000299,ORD_10299,2023-10-21,credit_card,1068.83,EUR,completed,adyen,2025-01-01T00:00:00
PAY_000300,ORD_10300,2025-10-13,credit_card,564.47,EUR,completed,stripe,2025-01-01T00:00:00
PAY_000301,ORD_10301,2025-05-03,paypal,229.29,GBP,completed,paypal,2025-01-01T00:00:00
PAY_000302,ORD_10302,2024-04-06,bank_transfer,396.84,EUR,completed,manual,2025-01-01T00:00:00
PAY_000303,ORD_10303,2025-05-04,gift_card,973.31,GBP,completed,manual,2025-01-01T00:00:00
PAY_000304,ORD_10304,2023-06-13,credit_card,978.3,EUR,completed,stripe,2025-01-01T00:00:00
PAY_000305,ORD_10305,2023-03-24,paypal,1090.62,GBP,completed,paypal,2025-01-01T00:00:00
PAY_000306,ORD_10306,2024-11-14,paypal,946.01,GBP,pending,paypal,2025-01-01T00:00:00
PAY_000307,ORD_10307,2024-02-25,credit_card,1215.03,EUR,completed,stripe,2025-01-01T00:00:00
PAY_000308,ORD_10308,2025-12-29,credit_card,391.88,GBP,completed,adyen,2025-01-01T00:00:00
PAY_000309,ORD_10309,2025-08-14,credit_card,193.96,CHF,failed,adyen,2025-01-01T00:00:00
PAY_000310,ORD_10310,2023-04-06,gift_card,960.48,USD,completed,manual,2025-01-01T00:00:00
PAY_000311,ORD_10311,2025-05-07,store_credit,218.3,EUR,completed,manual,2025-01-01T00:00:00
PAY_000312,ORD_10312,2024-05-19,credit_card,1081.96,EUR,completed,adyen,2025-01-01T00:00:00
PAY_000313,ORD_10313,2025-10-01,gift_card,143.19,EUR,completed,manual,2025-01-01T00:00:00
PAY_000314,ORD_10314,2024-01-12,credit_card,766.23,EUR,completed,adyen,2025-01-01T00:00:00
PAY_000315,ORD_10315,2023-04-12,credit_card,1745.62,CHF,refunded,adyen,2025-01-01T00:00:00
PAY_000316,ORD_10316,2023-01-20,bank_transfer,248.65,USD,completed,manual,2025-01-01T00:00:00
PAY_000317,ORD_10317,2025-09-17,paypal,146.76,EUR,completed,paypal,2025-01-01T00:00:00
PAY_000318,ORD_10318,2024-08-11,store_credit,802.14,GBP,completed,manual,2025-01-01T00:00:00
PAY_000319,ORD_10319,2024-05-08,gift_card,695.34,GBP,completed,manual,2025-01-01T00:00:00
PAY_000320,ORD_10320,2024-05-13,credit_card,837.66,EUR,completed,stripe,2025-01-01T00:00:00
PAY_000321,ORD_10321,2023-03-07,paypal,1689.22,EUR,completed,paypal,2025-01-01T00:00:00
PAY_000322,ORD_10322,2023-12-17,paypal,182.44,EUR,completed,paypal,2025-01-01T00:00:00
PAY_000323,ORD_10323,2023-07-15,credit_card,729.34,EUR,completed,stripe,2025-01-01T00:00:00
PAY_000324,ORD_10324,2025-09-01,gift_card,897.18,EUR,completed,manual,2025-01-01T00:00:00
PAY_000325,ORD_10325,2023-03-11,gift_card,284.27,EUR,completed,manual,2025-01-01T00:00:00
PAY_000326,ORD_10326,2024-09-05,credit_card,185.52,USD,completed,adyen,2025-01-01T00:00:00
PAY_000327,ORD_10327,2024-11-11,credit_card,633.74,EUR,completed,stripe,2025-01-01T00:00:00
PAY_000328,ORD_10328,2023-04-21,credit_card,1159.62,EUR,completed,adyen,2025-01-01T00:00:00
PAY_000329,ORD_10329,2025-03-24,credit_card,1217.87,CHF,completed,adyen,2025-01-01T00:00:00
PAY_000330,ORD_10330,2024-12-30,gift_card,929.98,GBP,completed,manual,2025-01-01T00:00:00
PAY_000331,ORD_10331,2025-02-19,paypal,116.82,USD,completed,paypal,2025-01-01T00:00:00
PAY_000332,ORD_10332,2025-02-18,store_credit,626.03,EUR,completed,manual,2025-01-01T00:00:00
PAY_000333,ORD_10333,2025-06-30,bank_transfer,368.33,EUR,completed,manual,2025-01-01T00:00:00
PAY_000334,ORD_10334,2025-11-16,credit_card,537.41,EUR,completed,adyen,2025-01-01T00:00:00
PAY_000335,ORD_10335,2023-01-28,credit_card,405.22,EUR,completed,adyen,2025-01-01T00:00:00
PAY_000336,ORD_10336,2025-02-19,store_credit,1472.87,EUR,completed,manual,2025-01-01T00:00:00
PAY_000337,ORD_10337,2024-07-19,paypal,1034.08,EUR,failed,paypal,2025-01-01T00:00:00
PAY_000338,ORD_10338,2025-10-14,bank_transfer,699.88,EUR,completed,manual,2025-01-01T00:00:00
PAY_000339,ORD_10339,2025-03-22,bank_transfer,1054.1,EUR,completed,manual,2025-01-01T00:00:00
PAY_000340,ORD_10340,2023-10-07,bank_transfer,1410.34,EUR,completed,manual,2025-01-01T00:00:00
PAY_000341,ORD_10341,2024-10-15,bank_transfer,1192.43,EUR,completed,manual,2025-01-01T00:00:00
PAY_000342,ORD_10342,2025-03-16,bank_transfer,1176.24,USD,completed,manual,2025-01-01T00:00:00
PAY_000343,ORD_10343,2023-02-25,credit_card,1620.52,EUR,completed,adyen,2025-01-01T00:00:00
PAY_000344,ORD_10344,2023-05-23,credit_card,1565.36,GBP,completed,adyen,2025-01-01T00:00:00
PAY_000345,ORD_10345,2024-05-11,bank_transfer,949.03,EUR,completed,manual,2025-01-01T00:00:00
PAY_000346,ORD_10346,2025-09-09,paypal,248.54,EUR,refunded,paypal,2025-01-01T00:00:00
PAY_000347,ORD_10347,2023-06-25,store_credit,1252.44,EUR,completed,manual,2025-01-01T00:00:00
PAY_000348,ORD_10348,2023-04-03,paypal,1257.14,EUR,refunded,paypal,2025-01-01T00:00:00
PAY_000349,ORD_10349,2025-11-11,credit_card,1239.71,EUR,completed,stripe,2025-01-01T00:00:00
PAY_000350,ORD_10350,2025-10-21,credit_card,434.8,CHF,completed,stripe,2025-01-01T00:00:00
PAY_000351,ORD_10351,2023-06-26,paypal,1179.36,USD,completed,paypal,2025-01-01T00:00:00
PAY_000352,ORD_10352,2024-03-01,paypal,1478.17,EUR,refunded,paypal,2025-01-01T00:00:00
PAY_000353,ORD_10353,2025-07-17,bank_transfer,1571.97,CHF,completed,manual,2025-01-01T00:00:00
PAY_000354,ORD_10354,2023-08-14,credit_card,1197.29,EUR,completed,adyen,2025-01-01T00:00:00
PAY_000355,ORD_10355,2024-11-08,credit_card,1389.59,CHF,completed,adyen,2025-01-01T00:00:00
PAY_000356,ORD_10356,2023-03-02,store_credit,1391.92,EUR,completed,manual,2025-01-01T00:00:00
PAY_000357,ORD_10357,2024-07-26,credit_card,623.0,EUR,completed,stripe,2025-01-01T00:00:00
PAY_000358,ORD_10358,2025-07-26,paypal,1295.47,USD,refunded,paypal,2025-01-01T00:00:00
PAY_000359,ORD_10359,2025-03-15,credit_card,286.15,EUR,completed,stripe,2025-01-01T00:00:00
PAY_000360,ORD_10360,2023-06-24,credit_card,1724.78,EUR,completed,adyen,2025-01-01T00:00:00
PAY_000361,ORD_10361,2025-11-13,credit_card,1258.61,EUR,completed,stripe,2025-01-01T00:00:00
PAY_000362,ORD_10362,2023-12-08,paypal,1217.34,EUR,completed,paypal,2025-01-01T00:00:00
PAY_000363,ORD_10363,2025-01-06,gift_card,159.14,EUR,completed,manual,2025-01-01T00:00:00
PAY_000364,ORD_10364,2025-11-01,credit_card,1034.95,USD,completed,stripe,2025-01-01T00:00:00
PAY_000365,ORD_10365,2025-06-29,paypal,1640.54,EUR,completed,paypal,2025-01-01T00:00:00
PAY_000366,ORD_10366,2024-07-17,credit_card,138.61,EUR,completed,adyen,2025-01-01T00:00:00
PAY_000367,ORD_10367,2025-10-11,gift_card,1588.31,GBP,completed,manual,2025-01-01T00:00:00
PAY_000368,ORD_10368,2025-01-23,gift_card,818.18,EUR,completed,manual,2025-01-01T00:00:00
PAY_000369,ORD_10369,2023-03-08,bank_transfer,909.31,GBP,refunded,manual,2025-01-01T00:00:00
PAY_000370,ORD_10370,2024-05-02,paypal,1788.9,USD,completed,paypal,2025-01-01T00:00:00
PAY_000371,ORD_10371,2024-02-29,paypal,639.96,EUR,completed,paypal,2025-01-01T00:00:00
PAY_000372,ORD_10372,2023-12-13,bank_transfer,1455.43,GBP,completed,manual,2025-01-01T00:00:00
PAY_000373,ORD_10373,2023-07-17,credit_card,951.34,EUR,refunded,adyen,2025-01-01T00:00:00
PAY_000374,ORD_10374,2023-10-28,store_credit,978.01,EUR,completed,manual,2025-01-01T00:00:00
PAY_000375,ORD_10375,2025-02-09,store_credit,1713.6,EUR,completed,manual,2025-01-01T00:00:00
PAY_000376,ORD_10376,2025-01-25,bank_transfer,1756.53,USD,refunded,manual,2025-01-01T00:00:00
PAY_000377,ORD_10377,2023-05-12,credit_card,1034.59,EUR,completed,adyen,2025-01-01T00:00:00
PAY_000378,ORD_10378,2024-10-24,paypal,1614.31,EUR,completed,paypal,2025-01-01T00:00:00
PAY_000379,ORD_10379,2024-12-05,gift_card,490.76,GBP,completed,manual,2025-01-01T00:00:00
PAY_000380,ORD_10380,2025-07-31,credit_card,380.84,EUR,completed,adyen,2025-01-01T00:00:00
PAY_000381,ORD_10381,2025-05-26,store_credit,133.14,EUR,completed,manual,2025-01-01T00:00:00
PAY_000382,ORD_10382,2024-07-15,paypal,654.34,GBP,refunded,paypal,2025-01-01T00:00:00
PAY_000383,ORD_10383,2023-12-06,store_credit,472.34,GBP,completed,manual,2025-01-01T00:00:00
PAY_000384,ORD_10384,2024-03-14,store_credit,1772.53,EUR,completed,manual,2025-01-01T00:00:00
PAY_000385,ORD_10385,2023-01-21,paypal,522.01,GBP,completed,paypal,2025-01-01T00:00:00
PAY_000386,ORD_10386,2025-02-23,credit_card,1423.33,EUR,completed,stripe,2025-01-01T00:00:00
PAY_000387,ORD_10387,2023-10-08,store_credit,1520.18,GBP,completed,manual,2025-01-01T00:00:00
PAY_000388,ORD_10388,2023-01-18,credit_card,693.72,EUR,completed,adyen,2025-01-01T00:00:00
PAY_000389,ORD_10389,2023-11-08,store_credit,1226.46,EUR,completed,manual,2025-01-01T00:00:00
PAY_000390,ORD_10390,2025-02-25,credit_card,735.0,GBP,completed,adyen,2025-01-01T00:00:00
PAY_000391,ORD_10391,2023-06-23,credit_card,292.59,EUR,completed,stripe,2025-01-01T00:00:00
PAY_000392,ORD_10392,2025-11-09,bank_transfer,864.47,USD,completed,manual,2025-01-01T00:00:00
PAY_000393,ORD_10393,2023-08-20,paypal,321.49,USD,completed,paypal,2025-01-01T00:00:00
PAY_000394,ORD_10394,2023-09-29,paypal,1544.5,GBP,completed,paypal,2025-01-01T00:00:00
PAY_000395,ORD_10395,2023-05-31,credit_card,1462.85,EUR,completed,stripe,2025-01-01T00:00:00
PAY_000396,ORD_10396,2025-11-05,bank_transfer,997.94,EUR,refunded,manual,2025-01-01T00:00:00
PAY_000397,ORD_10397,2023-11-09,gift_card,400.32,GBP,refunded,manual,2025-01-01T00:00:00
PAY_000398,ORD_10398,2023-11-17,credit_card,278.95,EUR,refunded,stripe,2025-01-01T00:00:00
PAY_000399,ORD_10399,2024-05-05,paypal,782.18,GBP,completed,paypal,2025-01-01T00:00:00
PAY_000400,ORD_10400,2023-04-25,credit_card,775.62,EUR,completed,adyen,2025-01-01T00:00:00
PAY_000401,ORD_10401,2025-10-13,paypal,112.95,EUR,completed,paypal,2025-01-01T00:00:00
PAY_000402,ORD_10402,2024-07-04,gift_card,445.73,EUR,completed,manual,2025-01-01T00:00:00
PAY_000403,ORD_10403,2023-05-12,gift_card,647.92,USD,completed,manual,2025-01-01T00:00:00
PAY_000404,ORD_10404,2025-10-21,gift_card,994.04,EUR,completed,manual,2025-01-01T00:00:00
PAY_000405,ORD_10405,2023-08-26,bank_transfer,916.16,EUR,refunded,manual,2025-01-01T00:00:00
PAY_000406,ORD_10406,2025-08-26,credit_card,1270.69,EUR,completed,stripe,2025-01-01T00:00:00
PAY_000407,ORD_10407,2025-05-08,credit_card,817.15,EUR,refunded,stripe,2025-01-01T00:00:00
PAY_000408,ORD_10408,2025-02-04,paypal,1647.14,USD,completed,paypal,2025-01-01T00:00:00
PAY_000409,ORD_10409,2025-04-01,bank_transfer,1427.87,GBP,completed,manual,2025-01-01T00:00:00
PAY_000410,ORD_10410,2025-01-27,paypal,1074.04,EUR,completed,paypal,2025-01-01T00:00:00
PAY_000411,ORD_10411,2025-10-09,store_credit,1064.46,GBP,completed,manual,2025-01-01T00:00:00
PAY_000412,ORD_10412,2024-04-22,paypal,708.26,CHF,pending,paypal,2025-01-01T00:00:00
PAY_000413,ORD_10413,2024-09-22,gift_card,1054.35,EUR,completed,manual,2025-01-01T00:00:00
PAY_000414,ORD_10414,2023-10-19,paypal,606.05,EUR,completed,paypal,2025-01-01T00:00:00
PAY_000415,ORD_10415,2025-02-02,bank_transfer,988.99,CHF,completed,manual,2025-01-01T00:00:00
PAY_000416,ORD_10416,2023-05-08,credit_card,495.96,GBP,completed,stripe,2025-01-01T00:00:00
PAY_000417,ORD_10417,2025-03-17,credit_card,118.85,EUR,completed,adyen,2025-01-01T00:00:00
PAY_000418,ORD_10418,2024-02-20,gift_card,94.66,EUR,completed,manual,2025-01-01T00:00:00
PAY_000419,ORD_10419,2024-10-06,store_credit,1540.83,GBP,completed,manual,2025-01-01T00:00:00
PAY_000420,ORD_10420,2023-09-04,paypal,1455.45,EUR,completed,paypal,2025-01-01T00:00:00
PAY_000421,ORD_10421,2024-11-03,gift_card,1070.25,GBP,completed,manual,2025-01-01T00:00:00
PAY_000422,ORD_10422,2023-12-24,paypal,495.99,EUR,completed,paypal,2025-01-01T00:00:00
PAY_000423,ORD_10423,2023-10-15,bank_transfer,83.73,GBP,completed,manual,2025-01-01T00:00:00
PAY_000424,ORD_10424,2025-02-03,gift_card,690.22,GBP,completed,manual,2025-01-01T00:00:00
PAY_000425,ORD_10425,2025-06-28,paypal,1119.06,EUR,completed,paypal,2025-01-01T00:00:00
PAY_000426,ORD_10426,2023-04-16,paypal,1014.39,EUR,completed,paypal,2025-01-01T00:00:00
PAY_000427,ORD_10427,2025-05-25,gift_card,1232.92,USD,completed,manual,2025-01-01T00:00:00
PAY_000428,ORD_10428,2023-11-03,store_credit,1554.54,EUR,completed,manual,2025-01-01T00:00:00
PAY_000429,ORD_10429,2025-09-09,credit_card,1537.34,GBP,completed,adyen,2025-01-01T00:00:00
PAY_000430,ORD_10430,2023-02-10,credit_card,1267.23,GBP,completed,adyen,2025-01-01T00:00:00
PAY_000431,ORD_10431,2025-10-27,paypal,1187.67,EUR,completed,paypal,2025-01-01T00:00:00
PAY_000432,ORD_10432,2023-03-03,credit_card,1152.93,EUR,completed,stripe,2025-01-01T00:00:00
PAY_000433,ORD_10433,2024-04-22,paypal,1693.46,EUR,completed,paypal,2025-01-01T00:00:00
PAY_000434,ORD_10434,2023-04-25,paypal,1692.61,EUR,completed,paypal,2025-01-01T00:00:00
PAY_000435,ORD_10435,2023-12-22,paypal,1640.88,EUR,completed,paypal,2025-01-01T00:00:00
PAY_000436,ORD_10436,2023-10-21,bank_transfer,149.51,EUR,completed,manual,2025-01-01T00:00:00
PAY_000437,ORD_10437,2023-07-04,credit_card,1175.11,EUR,completed,stripe,2025-01-01T00:00:00
PAY_000438,ORD_10438,2024-11-30,paypal,1025.19,GBP,completed,paypal,2025-01-01T00:00:00
PAY_000439,ORD_10439,2023-10-20,paypal,963.14,EUR,completed,paypal,2025-01-01T00:00:00
PAY_000440,ORD_10440,2025-03-23,credit_card,1402.89,EUR,completed,adyen,2025-01-01T00:00:00
PAY_000441,ORD_10441,2025-06-15,credit_card,139.67,EUR,completed,stripe,2025-01-01T00:00:00
PAY_000442,ORD_10442,2025-01-02,paypal,1226.81,EUR,refunded,paypal,2025-01-01T00:00:00
PAY_000443,ORD_10443,2023-09-20,bank_transfer,1376.18,CHF,pending,manual,2025-01-01T00:00:00
PAY_000444,ORD_10444,2024-03-28,paypal,1110.65,EUR,completed,paypal,2025-01-01T00:00:00
PAY_000445,ORD_10445,2024-05-02,paypal,657.62,EUR,completed,paypal,2025-01-01T00:00:00
PAY_000446,ORD_10446,2024-11-19,gift_card,930.86,GBP,completed,manual,2025-01-01T00:00:00
PAY_000447,ORD_10447,2023-01-05,paypal,1135.84,EUR,completed,paypal,2025-01-01T00:00:00
PAY_000448,ORD_10448,2025-02-16,credit_card,552.51,EUR,completed,stripe,2025-01-01T00:00:00
PAY_000449,ORD_10449,2024-04-08,paypal,1089.55,EUR,completed,paypal,2025-01-01T00:00:00
PAY_000450,ORD_10450,2023-08-05,paypal,1715.73,EUR,completed,paypal,2025-01-01T00:00:00
PAY_000451,ORD_10451,2025-09-17,bank_transfer,697.87,EUR,completed,manual,2025-01-01T00:00:00
PAY_000452,ORD_10452,2023-11-20,store_credit,1019.05,EUR,completed,manual,2025-01-01T00:00:00
PAY_000453,ORD_10453,2024-06-29,credit_card,118.56,EUR,completed,adyen,2025-01-01T00:00:00
PAY_000454,ORD_10454,2025-10-04,bank_transfer,1721.98,CHF,completed,manual,2025-01-01T00:00:00
PAY_000455,ORD_10455,2025-09-10,credit_card,456.07,EUR,completed,stripe,2025-01-01T00:00:00
PAY_000456,ORD_10456,2023-06-18,store_credit,1264.93,EUR,completed,manual,2025-01-01T00:00:00
PAY_000457,ORD_10457,2024-06-27,paypal,1043.62,EUR,refunded,paypal,2025-01-01T00:00:00
PAY_000458,ORD_10458,2025-07-01,paypal,924.94,EUR,completed,paypal,2025-01-01T00:00:00
PAY_000459,ORD_10459,2023-05-09,gift_card,868.45,GBP,completed,manual,2025-01-01T00:00:00
PAY_000460,ORD_10460,2024-04-10,credit_card,1406.17,EUR,completed,adyen,2025-01-01T00:00:00
PAY_000461,ORD_10461,2025-08-31,paypal,1613.35,GBP,completed,paypal,2025-01-01T00:00:00
PAY_000462,ORD_10462,2023-03-13,paypal,400.1,EUR,completed,paypal,2025-01-01T00:00:00
PAY_000463,ORD_10463,2023-12-09,gift_card,1283.07,GBP,completed,manual,2025-01-01T00:00:00
PAY_000464,ORD_10464,2023-10-30,credit_card,123.86,EUR,completed,adyen,2025-01-01T00:00:00
PAY_000465,ORD_10465,2025-03-25,bank_transfer,119.44,EUR,completed,manual,2025-01-01T00:00:00
PAY_000466,ORD_10466,2025-12-07,bank_transfer,257.87,EUR,completed,manual,2025-01-01T00:00:00
PAY_000467,ORD_10467,2023-07-27,store_credit,123.45,USD,completed,manual,2025-01-01T00:00:00
PAY_000468,ORD_10468,2025-09-22,store_credit,832.95,GBP,failed,manual,2025-01-01T00:00:00
PAY_000469,ORD_10469,2025-04-02,paypal,1369.69,EUR,completed,paypal,2025-01-01T00:00:00
PAY_000470,ORD_10470,2024-07-06,credit_card,1441.05,EUR,completed,adyen,2025-01-01T00:00:00
PAY_000471,ORD_10471,2025-10-03,credit_card,332.55,EUR,completed,stripe,2025-01-01T00:00:00
PAY_000472,ORD_10472,2025-06-26,paypal,850.36,EUR,completed,paypal,2025-01-01T00:00:00
PAY_000473,ORD_10473,2024-01-20,credit_card,1628.97,EUR,completed,adyen,2025-01-01T00:00:00
PAY_000474,ORD_10474,2025-11-21,credit_card,1172.15,EUR,completed,stripe,2025-01-01T00:00:00
PAY_000475,ORD_10475,2024-01-30,gift_card,621.95,EUR,completed,manual,2025-01-01T00:00:00
PAY_000476,ORD_10476,2025-01-10,paypal,1407.02,GBP,completed,paypal,2025-01-01T00:00:00
PAY_000477,ORD_10477,2023-09-12,gift_card,143.49,EUR,completed,manual,2025-01-01T00:00:00
PAY_000478,ORD_10478,2025-08-31,paypal,1684.55,GBP,completed,paypal,2025-01-01T00:00:00
PAY_000479,ORD_10479,2023-07-07,paypal,420.76,EUR,completed,paypal,2025-01-01T00:00:00
PAY_000480,ORD_10480,2024-03-15,store_credit,961.09,EUR,completed,manual,2025-01-01T00:00:00
PAY_000481,ORD_10481,2025-11-17,credit_card,1714.94,EUR,pending,stripe,2025-01-01T00:00:00
PAY_000482,ORD_10482,2024-06-02,gift_card,1460.98,EUR,completed,manual,2025-01-01T00:00:00
PAY_000483,ORD_10483,2024-12-16,paypal,921.48,EUR,completed,paypal,2025-01-01T00:00:00
PAY_000484,ORD_10484,2025-03-26,store_credit,631.86,EUR,pending,manual,2025-01-01T00:00:00
PAY_000485,ORD_10485,2024-08-02,paypal,1140.63,EUR,completed,paypal,2025-01-01T00:00:00
PAY_000486,ORD_10486,2024-10-29,store_credit,1450.16,EUR,completed,manual,2025-01-01T00:00:00
PAY_000487,ORD_10487,2025-04-08,credit_card,405.79,EUR,completed,adyen,2025-01-01T00:00:00
PAY_000488,ORD_10488,2025-05-08,paypal,1218.0,EUR,completed,paypal,2025-01-01T00:00:00
PAY_000489,ORD_10489,2024-04-01,credit_card,962.36,EUR,refunded,stripe,2025-01-01T00:00:00
PAY_000490,ORD_10490,2023-12-17,credit_card,1401.31,EUR,completed,adyen,2025-01-01T00:00:00
PAY_000491,ORD_10491,2024-01-10,credit_card,359.36,EUR,completed,adyen,2025-01-01T00:00:00
PAY_000492,ORD_10492,2024-09-22,paypal,416.93,GBP,completed,paypal,2025-01-01T00:00:00
PAY_000493,ORD_10493,2023-09-01,bank_transfer,661.26,EUR,completed,manual,2025-01-01T00:00:00
PAY_000494,ORD_10494,2024-09-03,store_credit,1150.64,EUR,completed,manual,2025-01-01T00:00:00
PAY_000495,ORD_10495,2025-07-26,credit_card,827.73,GBP,completed,stripe,2025-01-01T00:00:00
PAY_000496,ORD_10496,2023-12-29,bank_transfer,1021.46,EUR,completed,manual,2025-01-01T00:00:00
PAY_000497,ORD_10497,2023-12-13,bank_transfer,1365.08,GBP,refunded,manual,2025-01-01T00:00:00
PAY_000498,ORD_10498,2025-05-31,credit_card,1708.3,CHF,refunded,adyen,2025-01-01T00:00:00
PAY_000499,ORD_10499,2025-02-03,gift_card,995.47,EUR,completed,manual,2025-01-01T00:00:00
PAY_000500,ORD_10500,2024-05-24,paypal,842.92,EUR,refunded,paypal,2025-01-01T00:00:00
PAY_000501,ORD_10501,2024-09-18,bank_transfer,532.35,EUR,completed,manual,2025-01-01T00:00:00
PAY_000502,ORD_10502,2025-12-10,store_credit,326.43,EUR,completed,manual,2025-01-01T00:00:00
PAY_000503,ORD_10503,2023-12-05,store_credit,1143.63,EUR,completed,manual,2025-01-01T00:00:00
PAY_000504,ORD_10504,2023-09-28,paypal,1657.94,EUR,completed,paypal,2025-01-01T00:00:00
PAY_000505,ORD_10505,2024-06-07,store_credit,594.11,EUR,completed,manual,2025-01-01T00:00:00
PAY_000506,ORD_10506,2023-08-26,credit_card,1613.2,EUR,completed,stripe,2025-01-01T00:00:00
PAY_000507,ORD_10507,2024-02-25,credit_card,995.42,EUR,pending,adyen,2025-01-01T00:00:00
PAY_000508,ORD_10508,2023-10-09,credit_card,1597.36,EUR,completed,adyen,2025-01-01T00:00:00
PAY_000509,ORD_10509,2024-02-12,credit_card,351.43,CHF,completed,stripe,2025-01-01T00:00:00
PAY_000510,ORD_10510,2024-08-29,credit_card,1189.12,EUR,refunded,adyen,2025-01-01T00:00:00
PAY_000511,ORD_10511,2023-01-28,paypal,715.94,USD,completed,paypal,2025-01-01T00:00:00
PAY_000512,ORD_10512,2025-11-15,credit_card,202.49,GBP,completed,stripe,2025-01-01T00:00:00
PAY_000513,ORD_10513,2024-08-31,paypal,675.15,EUR,completed,paypal,2025-01-01T00:00:00
PAY_000514,ORD_10514,2025-01-09,credit_card,713.51,EUR,completed,stripe,2025-01-01T00:00:00
PAY_000515,ORD_10515,2023-04-04,credit_card,138.24,EUR,completed,stripe,2025-01-01T00:00:00
PAY_000516,ORD_10516,2025-06-17,gift_card,449.85,EUR,completed,manual,2025-01-01T00:00:00
PAY_000517,ORD_10517,2025-07-23,store_credit,1273.47,EUR,completed,manual,2025-01-01T00:00:00
PAY_000518,ORD_10518,2023-12-08,bank_transfer,412.65,GBP,completed,manual,2025-01-01T00:00:00
PAY_000519,ORD_10519,2025-09-16,paypal,1432.24,USD,completed,paypal,2025-01-01T00:00:00
PAY_000520,ORD_10520,2023-09-25,bank_transfer,1623.27,EUR,failed,manual,2025-01-01T00:00:00
PAY_000521,ORD_10521,2023-01-27,gift_card,774.47,EUR,refunded,manual,2025-01-01T00:00:00
PAY_000522,ORD_10522,2023-07-17,credit_card,896.68,EUR,completed,stripe,2025-01-01T00:00:00
PAY_000523,ORD_10523,2025-02-27,store_credit,196.95,CHF,completed,manual,2025-01-01T00:00:00
PAY_000524,ORD_10524,2025-10-14,paypal,131.13,EUR,completed,paypal,2025-01-01T00:00:00
PAY_000525,ORD_10525,2024-07-23,gift_card,268.7,EUR,completed,manual,2025-01-01T00:00:00
PAY_000526,ORD_10526,2023-06-11,credit_card,961.93,USD,refunded,stripe,2025-01-01T00:00:00
PAY_000527,ORD_10527,2025-10-16,paypal,199.44,GBP,completed,paypal,2025-01-01T00:00:00
PAY_000528,ORD_10528,2024-09-17,credit_card,544.01,EUR,refunded,stripe,2025-01-01T00:00:00
PAY_000529,ORD_10529,2023-04-23,credit_card,396.81,EUR,completed,stripe,2025-01-01T00:00:00
PAY_000530,ORD_10530,2025-07-16,credit_card,97.45,CHF,refunded,stripe,2025-01-01T00:00:00
PAY_000531,ORD_10531,2024-08-22,gift_card,1305.48,EUR,completed,manual,2025-01-01T00:00:00
PAY_000532,ORD_10532,2025-04-19,credit_card,1528.8,EUR,completed,adyen,2025-01-01T00:00:00
PAY_000533,ORD_10533,2024-01-27,credit_card,1570.73,EUR,completed,adyen,2025-01-01T00:00:00
PAY_000534,ORD_10534,2023-09-11,credit_card,482.21,EUR,completed,stripe,2025-01-01T00:00:00
PAY_000535,ORD_10535,2023-01-10,paypal,836.24,EUR,completed,paypal,2025-01-01T00:00:00
PAY_000536,ORD_10536,2025-11-09,credit_card,340.37,EUR,completed,stripe,2025-01-01T00:00:00
PAY_000537,ORD_10537,2023-08-02,credit_card,1089.44,EUR,completed,stripe,2025-01-01T00:00:00
PAY_000538,ORD_10538,2024-05-24,bank_transfer,1289.84,EUR,completed,manual,2025-01-01T00:00:00
PAY_000539,ORD_10539,2024-10-06,credit_card,232.74,EUR,completed,stripe,2025-01-01T00:00:00
PAY_000540,ORD_10540,2024-12-10,credit_card,165.49,EUR,completed,adyen,2025-01-01T00:00:00
PAY_000541,ORD_10541,2024-10-22,paypal,220.5,EUR,completed,paypal,2025-01-01T00:00:00
PAY_000542,ORD_10542,2025-05-04,gift_card,772.56,EUR,completed,manual,2025-01-01T00:00:00
PAY_000543,ORD_10543,2023-04-19,credit_card,925.83,EUR,completed,stripe,2025-01-01T00:00:00
PAY_000544,ORD_10544,2023-10-27,store_credit,768.14,EUR,completed,manual,2025-01-01T00:00:00
PAY_000545,ORD_10545,2023-07-29,paypal,452.27,EUR,completed,paypal,2025-01-01T00:00:00
PAY_000546,ORD_10546,2024-08-13,paypal,1607.04,EUR,completed,paypal,2025-01-01T00:00:00
PAY_000547,ORD_10547,2024-10-02,gift_card,888.69,EUR,completed,manual,2025-01-01T00:00:00
PAY_000548,ORD_10548,2025-06-26,bank_transfer,1081.97,EUR,completed,manual,2025-01-01T00:00:00
PAY_000549,ORD_10549,2024-08-26,bank_transfer,917.93,EUR,completed,manual,2025-01-01T00:00:00
PAY_000550,ORD_10550,2025-02-12,paypal,1564.65,EUR,completed,paypal,2025-01-01T00:00:00
PAY_000551,ORD_10551,2024-11-09,credit_card,207.36,EUR,completed,adyen,2025-01-01T00:00:00
PAY_000552,ORD_10552,2024-09-09,credit_card,922.2,GBP,completed,stripe,2025-01-01T00:00:00
PAY_000553,ORD_10553,2024-01-12,credit_card,907.33,EUR,refunded,adyen,2025-01-01T00:00:00
PAY_000554,ORD_10554,2023-07-10,paypal,1450.89,EUR,completed,paypal,2025-01-01T00:00:00
PAY_000555,ORD_10555,2024-03-23,paypal,138.26,GBP,refunded,paypal,2025-01-01T00:00:00
PAY_000556,ORD_10556,2025-07-03,credit_card,668.98,USD,completed,stripe,2025-01-01T00:00:00
PAY_000557,ORD_10557,2023-08-22,store_credit,1238.32,EUR,completed,manual,2025-01-01T00:00:00
PAY_000558,ORD_10558,2025-11-07,store_credit,240.93,EUR,completed,manual,2025-01-01T00:00:00
PAY_000559,ORD_10559,2023-07-17,gift_card,390.64,EUR,pending,manual,2025-01-01T00:00:00
PAY_000560,ORD_10560,2024-03-14,gift_card,1093.23,EUR,completed,manual,2025-01-01T00:00:00
PAY_000561,ORD_10561,2025-06-12,credit_card,1269.78,EUR,completed,stripe,2025-01-01T00:00:00
PAY_000562,ORD_10562,2024-11-11,credit_card,873.55,EUR,completed,stripe,2025-01-01T00:00:00
PAY_000563,ORD_10563,2024-04-11,paypal,1409.16,GBP,completed,paypal,2025-01-01T00:00:00
PAY_000564,ORD_10564,2024-10-11,credit_card,1184.62,USD,completed,adyen,2025-01-01T00:00:00
PAY_000565,ORD_10565,2023-05-10,paypal,409.9,EUR,completed,paypal,2025-01-01T00:00:00
PAY_000566,ORD_10566,2023-06-28,bank_transfer,705.39,EUR,completed,manual,2025-01-01T00:00:00
PAY_000567,ORD_10567,2024-03-26,credit_card,553.31,EUR,completed,stripe,2025-01-01T00:00:00
PAY_000568,ORD_10568,2023-10-19,store_credit,224.03,EUR,completed,manual,2025-01-01T00:00:00
PAY_000569,ORD_10569,2023-06-26,bank_transfer,1206.94,EUR,completed,manual,2025-01-01T00:00:00
PAY_000570,ORD_10570,2023-10-20,credit_card,374.19,EUR,completed,stripe,2025-01-01T00:00:00
PAY_000571,ORD_10571,2025-08-03,credit_card,1149.54,GBP,completed,adyen,2025-01-01T00:00:00
PAY_000572,ORD_10572,2025-01-01,credit_card,812.9,EUR,completed,adyen,2025-01-01T00:00:00
PAY_000573,ORD_10573,2025-09-22,paypal,1466.56,USD,completed,paypal,2025-01-01T00:00:00
PAY_000574,ORD_10574,2024-10-11,paypal,1734.7,EUR,completed,paypal,2025-01-01T00:00:00
PAY_000575,ORD_10575,2025-06-13,paypal,578.38,USD,completed,paypal,2025-01-01T00:00:00
PAY_000576,ORD_10576,2025-01-06,store_credit,432.67,CHF,refunded,manual,2025-01-01T00:00:00
PAY_000577,ORD_10577,2023-06-17,credit_card,1611.84,USD,completed,adyen,2025-01-01T00:00:00
PAY_000578,ORD_10578,2023-06-06,gift_card,1764.08,CHF,completed,manual,2025-01-01T00:00:00
PAY_000579,ORD_10579,2024-03-13,paypal,892.01,EUR,refunded,paypal,2025-01-01T00:00:00
PAY_000580,ORD_10580,2025-01-21,paypal,1732.02,EUR,completed,paypal,2025-01-01T00:00:00
PAY_000581,ORD_10581,2025-03-25,paypal,722.95,USD,completed,paypal,2025-01-01T00:00:00
PAY_000582,ORD_10582,2025-11-20,credit_card,875.98,EUR,completed,adyen,2025-01-01T00:00:00
PAY_000583,ORD_10583,2025-01-05,paypal,689.15,EUR,failed,paypal,2025-01-01T00:00:00
PAY_000584,ORD_10584,2023-03-30,credit_card,1511.42,USD,completed,adyen,2025-01-01T00:00:00
PAY_000585,ORD_10585,2023-03-24,paypal,790.05,EUR,refunded,paypal,2025-01-01T00:00:00
PAY_000586,ORD_10586,2024-06-23,credit_card,1538.2,EUR,completed,adyen,2025-01-01T00:00:00
PAY_000587,ORD_10587,2023-06-10,store_credit,699.37,EUR,completed,manual,2025-01-01T00:00:00
PAY_000588,ORD_10588,2024-12-09,paypal,316.57,EUR,completed,paypal,2025-01-01T00:00:00
PAY_000589,ORD_10589,2025-06-19,credit_card,944.84,CHF,completed,adyen,2025-01-01T00:00:00
PAY_000590,ORD_10590,2023-08-31,credit_card,1638.04,EUR,completed,stripe,2025-01-01T00:00:00
PAY_000591,ORD_10591,2025-09-08,bank_transfer,1164.8,EUR,completed,manual,2025-01-01T00:00:00
PAY_000592,ORD_10592,2023-09-20,credit_card,774.79,GBP,completed,stripe,2025-01-01T00:00:00
PAY_000593,ORD_10593,2023-10-30,store_credit,810.9,CHF,completed,manual,2025-01-01T00:00:00
PAY_000594,ORD_10594,2023-02-09,paypal,198.07,EUR,refunded,paypal,2025-01-01T00:00:00
PAY_000595,ORD_10595,2025-08-24,gift_card,1439.26,EUR,completed,manual,2025-01-01T00:00:00
PAY_000596,ORD_10596,2025-11-13,paypal,1036.05,EUR,completed,paypal,2025-01-01T00:00:00
PAY_000597,ORD_10597,2023-09-30,bank_transfer,1455.69,EUR,completed,manual,2025-01-01T00:00:00
PAY_000598,ORD_10598,2023-11-05,credit_card,362.33,GBP,completed,adyen,2025-01-01T00:00:00
PAY_000599,ORD_10599,2023-08-31,credit_card,979.07,GBP,completed,adyen,2025-01-01T00:00:00
PAY_000600,ORD_10600,2025-12-05,store_credit,521.33,CHF,completed,manual,2025-01-01T00:00:00
